URL,Response Time (ms),Status Code,Redirection,Final URL,Content Type,Content Length (bytes),Server Type,IP Address,SSL/TLS Status
https://kirankumarvel.wordpress.com/latest-info/,744.68,200,None,https://kirankumarvel.wordpress.com/latest-info/,text/html; charset=UTF-8,N/A,nginx,192.0.78.13,Valid
https://wordpress.com/abuse/?report_url=https://kirankumarvel.wordpress.com/,827.06,200,None,https://wordpress.com/abuse/?report_url=https://kirankumarvel.wordpress.com/,text/html; charset=UTF-8,N/A,nginx,192.0.78.17,Valid
https://kirankumarvel.wordpress.com/,340.37,200,None,https://kirankumarvel.wordpress.com/,text/html; charset=UTF-8,N/A,nginx,192.0.78.13,Valid
https://wp.me/P6dPR3-34,917.27,200,301 -> 200,https://kirankumarvel.wordpress.com/,text/html; charset=UTF-8,N/A,nginx,192.0.78.24,Valid
https://kirankumarvel.wordpress.com/about-us/,1705.95,200,None,https://kirankumarvel.wordpress.com/about-us/,text/html; charset=UTF-8,N/A,nginx,192.0.78.13,Valid
https://wordpress.com/read/blogs/91955613/posts/190,421.4,200,None,https://wordpress.com/read/blogs/91955613/posts/190,text/html; charset=utf-8,N/A,nginx,192.0.78.17,Valid
https://www.pinterest.com/imkirankumar23/,12564.32,200,None,https://www.pinterest.com/imkirankumar23/,text/html; charset=utf-8,N/A,N/A,23.210.76.229,Valid
https://wordpress.com/start/?ref=marketing_bar,510.27,200,None,https://wordpress.com/start/?ref=marketing_bar,text/html; charset=utf-8,N/A,nginx,192.0.78.17,Valid
https://kirankumarvel.wordpress.com,175.9,200,None,https://kirankumarvel.wordpress.com,text/html; charset=UTF-8,N/A,nginx,192.0.78.13,Valid
https://kirankumarvel.wordpress.com/wp-admin/customize.php?url=https%3A%2F%2Fkirankumarvel.wordpress.com%2F,1323.1,403,302 -> 302 -> 403,https://wordpress.com/log-in?redirect_to=https%3A%2F%2Fkirankumarvel.wordpress.com%2Fwp-admin%2Fcustomize.php%3Furl%3Dhttps%253A%252F%252Fkirankumarvel.wordpress.com%252F,text/html,146,nginx,192.0.78.13,Valid
https://wordpress.com/log-in?redirect_to=https%3A%2F%2Fkirankumarvel.wordpress.com%2F&signup_flow=account,309.6,403,None,https://wordpress.com/log-in?redirect_to=https%3A%2F%2Fkirankumarvel.wordpress.com%2F&signup_flow=account,text/html,146,nginx,192.0.78.17,Valid
https://kirankumarvel.wordpress.com/ latest-info,1243.14,200,301 -> 200,https://kirankumarvel.wordpress.com/%20latest-info/,text/html; charset=UTF-8,N/A,nginx,192.0.78.13,Valid
https://automattic.com/cookies/,246.88,200,None,https://automattic.com/cookies/,text/html; charset=UTF-8,N/A,nginx,192.0.78.25,Valid
https://subscribe.wordpress.com/,1546.22,200,302 -> 301 -> 200,https://wordpress.com/email-subscriptions/,text/html; charset=UTF-8,N/A,nginx,192.0.78.12,Valid
https://twitter.com/kirananrik,1900.67,200,302 -> 200,https://x.com/kirananrik,text/html; charset=utf-8,N/A,tsa_m,104.244.42.1,Valid
https://linktr.ee/kirankumarvel,518.84,406,None,https://linktr.ee/kirankumarvel,N/A,N/A,N/A,151.101.2.133,Valid
https://wordpress.com/start/,468.59,200,None,https://wordpress.com/start/,text/html; charset=utf-8,N/A,nginx,192.0.78.17,Valid
https://wordpress.com/?ref=footer_custom_powered,1108.76,200,None,https://wordpress.com/?ref=footer_custom_powered,text/html; charset=utf-8,N/A,nginx,192.0.78.17,Valid
https://kirankumarvel.wordpress.com/contact/,554.9,200,None,https://kirankumarvel.wordpress.com/contact/,text/html; charset=UTF-8,N/A,nginx,192.0.78.13,Valid
